{
    "rulesDirectory": "node_modules/codelyzer",
    "rules": {
        "directive-selector-name": [true, "camelCase"],
        "component-selector-name": [true, "kebab-case"],
        "directive-selector-type": [true, "attribute"],
        "component-selector-type": [true, "element"],
        "directive-selector-prefix": [true, "formly"],
        "component-selector-prefix": [true, "formly"],
        "use-input-property-decorator": true,
        "use-output-property-decorator": true,
        "use-host-property-decorator": true,
        "no-attribute-parameter-decorator": true,
        "no-input-rename": true,
        "no-output-rename": true,
        "no-forward-ref" : true,
        "use-life-cycle-interface": true,
        "use-pipe-transform-interface": true,
        "pipe-naming": [true, "camelCase", "formly"],
        "component-class-suffix": false,
        "directive-class-suffix": false,
        "import-destructuring-spacing": false,
        "class-name": true,
        "comment-format": [
            true,
            "check-space"
        ],
        "indent": [
            true,
            "spaces"
        ],
        "member-access": false,
        "member-ordering": [
          true,
          "public-before-private",
          "static-before-instance",
          "variables-before-functions"
        ],
        "no-unused-variable": true,
        "no-duplicate-variable": true,
        "no-eval": true,
        "no-internal-module": true,
        "no-trailing-whitespace": true,
        "no-var-keyword": true,
        "one-line": [
            true,
            "check-open-brace",
            "check-whitespace"
        ],
        "quotemark": [
            true,
            "single"
        ],
        "semicolon": [
            true,
            "always"
        ],
        "triple-equals": [
            true,
            "allow-null-check"
        ],
        "typedef-whitespace": [
            true,
            {
                "call-signature": "nospace",
                "index-signature": "nospace",
                "parameter": "nospace",
                "property-declaration": "nospace",
                "variable-declaration": "nospace"
            }
        ],
        "variable-name": [
            true,
            "ban-keywords"
        ],
        "whitespace": [
            true,
            "check-branch",
            "check-decl",
            "check-operator",
            "check-separator",
            "check-type"
        ]
    }
}
